Frase,admiration,amusement,anger,annoyance,approval,caring,confusion,curiosity,desire,disappointment,disapproval,disgust,embarrassment,excitement,fear,gratitude,grief,joy,love,nervousness,neutral,optimism,pride,realization,relief,remorse,sadness,surprise
"¡No! ¡Que no! Es que... jo... siempre es lo mismo. Me duele... me duele el pinchazo de ayer y... y estoy harto de estar aquí encerrado. ¡No es justo! Eh... déjame solo un rato, ¿vale? Por favor...",0.001994112739339471,0.0007832697010599077,0.025620078667998314,0.11153534054756165,0.01625005714595318,0.03028297796845436,0.005751064512878656,0.00971992127597332,0.014950281009078026,0.2313842922449112,0.22275342047214508,0.005884891841560602,0.0024906701873987913,0.0017930057365447283,0.003060735296458006,0.0006344954599626362,0.004778074100613594,0.0026504579000175,0.0033104524482041597,0.008948474191129208,0.0717640072107315,0.0035420269705355167,0.0004194455104880035,0.01180734857916832,0.001868524239398539,0.005325257778167725,0.4054677188396454,0.0012823030119761825
